{"accuracy": [0.5189985036849976, 0.8150224089622498, 0.8712568283081055, 0.8879294395446777, 0.9043744206428528, 0.9110178351402283, 0.9152286648750305, 0.9061810970306396, 0.9160110950469971, 0.919738233089447], "loss": [1.650006890296936, 0.5746732354164124, 0.3934898376464844, 0.3433349132537842, 0.2973025441169739, 0.27841171622276306, 0.26454243063926697, 0.3007510006427765, 0.2649317979812622, 0.25812840461730957], "val_accuracy": [0.7862508296966553, 0.8904507160186768, 0.9150353074073792, 0.9170271158218384, 0.9074094891548157, 0.9247097373008728, 0.9128158688545227, 0.9278397560119629, 0.9224334359169006, 0.9402458667755127], "val_loss": [0.6703291535377502, 0.33967047929763794, 0.2549155056476593, 0.262129545211792, 0.2934368848800659, 0.23546242713928223, 0.2735370695590973, 0.23119880259037018, 0.24801798164844513, 0.1965993344783783]}